source_vector,source_label,source_class,relationship_type,target_vector,target_label,target_class
"[0.03452454134821892, 0.04011273384094238, -0.02129700966179371, 0.0063291084952652454, 0.04068746790289879, 0.021633176133036613, 0.00660637067630887, 0.013815606944262981, 0.036563485860824585, 0.001538243144750595]",Gosong bulir,['PenyakitPadi'],memilikiGejala,"[0.03818255290389061, -0.015258912928402424, -0.013505012728273869, 0.016663823276758194, 0.010628636926412582, -0.0015360667603090405, -0.04873478412628174, 0.004074006341397762, -0.009021990932524204, -0.015549754723906517]",Bulir terdapat bercak,['Gejala']
"[0.03452454134821892, 0.04011273384094238, -0.02129700966179371, 0.0063291084952652454, 0.04068746790289879, 0.021633176133036613, 0.00660637067630887, 0.013815606944262981, 0.036563485860824585, 0.001538243144750595]",Gosong bulir,['PenyakitPadi'],memilikiGejala,"[0.03753756731748581, 0.005460740067064762, -0.007363577838987112, 0.049080099910497665, -0.023854875937104225, 0.043335191905498505, 0.016577711328864098, -0.019754229113459587, -0.01933273859322071, -0.04555242136120796]",Bulir pecah,['Gejala']
"[0.03452454134821892, 0.04011273384094238, -0.02129700966179371, 0.0063291084952652454, 0.04068746790289879, 0.021633176133036613, 0.00660637067630887, 0.013815606944262981, 0.036563485860824585, 0.001538243144750595]",Gosong bulir,['PenyakitPadi'],memilikiGejala,"[0.03612148016691208, 0.0048484764993190765, 0.026009220629930496, 0.03300115466117859, -0.007204847410321236, -0.026561008766293526, 0.0023949015885591507, 0.045683570206165314, -0.021011175587773323, -0.01916554942727089]",Bulir berubah warna,['Gejala']
"[0.03452454134821892, 0.04011273384094238, -0.02129700966179371, 0.0063291084952652454, 0.04068746790289879, 0.021633176133036613, 0.00660637067630887, 0.013815606944262981, 0.036563485860824585, 0.001538243144750595]",Gosong bulir,['PenyakitPadi'],memilikiGejala,"[0.03656195476651192, 0.02377898246049881, 0.006601404864341021, 0.03325789049267769, -0.010711935348808765, -0.023030659183859825, 0.041179947555065155, -0.04664446413516998, -0.0325985886156559, -0.00048729690024629235]",Bulir mengalami kerusakan,['Gejala']
"[0.03643496334552765, -0.020186755806207657, -0.03914661705493927, 0.007300472818315029, 0.04418497532606125, -0.012044863775372505, 0.011073799803853035, -0.014960511587560177, -0.030700985342264175, -0.008382745087146759]",Garis Merah,['PenyakitPadi'],memilikiGejala,"[0.038021307438611984, -0.010079000145196915, 0.013030346482992172, 0.024767892435193062, -0.022992240265011787, 0.00968174822628498, -0.007406661752611399, 0.0231169480830431, 0.013400320895016193, -0.023050421848893166]",Malai terdapat bercak,['Gejala']
"[0.03643496334552765, -0.020186755806207657, -0.03914661705493927, 0.007300472818315029, 0.04418497532606125, -0.012044863775372505, 0.011073799803853035, -0.014960511587560177, -0.030700985342264175, -0.008382745087146759]",Garis Merah,['PenyakitPadi'],memilikiGejala,"[0.037833187729120255, 0.045964233577251434, 0.010654931887984276, -0.032444026321172714, -0.04554993286728859, 0.022769199684262276, 0.007476150989532471, 0.028667045757174492, -0.04377364367246628, -0.03180119767785072]",Daun terdapat garis,['Gejala']
"[0.03643496334552765, -0.020186755806207657, -0.03914661705493927, 0.007300472818315029, 0.04418497532606125, -0.012044863775372505, 0.011073799803853035, -0.014960511587560177, -0.030700985342264175, -0.008382745087146759]",Garis Merah,['PenyakitPadi'],memilikiGejala,"[0.033894460648298264, -0.014245453290641308, -0.05131912603974342, 0.030178410932421684, -0.005532832350581884, -0.03150543197989464, -0.0349700003862381, 0.03855246305465698, -0.006740258540958166, -0.0383262038230896]",Daun terdapat bercak,['Gejala']
"[0.03643496334552765, -0.020186755806207657, -0.03914661705493927, 0.007300472818315029, 0.04418497532606125, -0.012044863775372505, 0.011073799803853035, -0.014960511587560177, -0.030700985342264175, -0.008382745087146759]",Garis Merah,['PenyakitPadi'],memilikiGejala,"[0.03817359358072281, 0.0016955265309661627, 0.04352473095059395, -0.005108173005282879, 0.047649700194597244, -0.034246187657117844, 0.009116776287555695, -0.0004236074164509773, -0.002220751019194722, -0.01596645824611187]",Daun mengering,['Gejala']
"[0.03833484277129173, -0.0034843874163925648, 0.016989370808005333, -0.013212242163717747, -0.018729422241449356, -0.04546400159597397, -0.03221134468913078, -0.019466549158096313, -0.0246430654078722, -0.008465790189802647]",Thrips,['HamaPadi'],memilikiGejala,"[0.03735840320587158, 0.04454953223466873, 0.03323126584291458, 0.013640177436172962, 0.01656637154519558, -0.010867233388125896, -0.02639104053378105, -0.00970651488751173, 0.01669205352663994, 0.046113502234220505]",Daun menguning,['Gejala']
"[0.03833484277129173, -0.0034843874163925648, 0.016989370808005333, -0.013212242163717747, -0.018729422241449356, -0.04546400159597397, -0.03221134468913078, -0.019466549158096313, -0.0246430654078722, -0.008465790189802647]",Thrips,['HamaPadi'],memilikiGejala,"[0.033894460648298264, -0.014245453290641308, -0.05131912603974342, 0.030178410932421684, -0.005532832350581884, -0.03150543197989464, -0.0349700003862381, 0.03855246305465698, -0.006740258540958166, -0.0383262038230896]",Daun terdapat bercak,['Gejala']
"[0.036340225487947464, -0.033497411757707596, -0.012079979293048382, -0.03188999369740486, -0.04859909415245056, 0.029816895723342896, 0.04524708539247513, 0.036283768713474274, 0.044956024736166, -0.013253149576485157]",Tungro,['PenyakitPadi'],terserangHama,"[0.035620369017124176, 0.006964750122278929, 0.034256547689437866, 0.0173295047134161, -0.0022286931052803993, 0.048811838030815125, -0.03660307079553604, -0.04549514502286911, 0.021493572741746902, -0.04712440073490143]",Wereng Hijau,['HamaPadi']
"[0.036340225487947464, -0.033497411757707596, -0.012079979293048382, -0.03188999369740486, -0.04859909415245056, 0.029816895723342896, 0.04524708539247513, 0.036283768713474274, 0.044956024736166, -0.013253149576485157]",Tungro,['PenyakitPadi'],terkenaPatogen,"[0.039633773267269135, 0.038121867924928665, 0.04767676070332527, 0.04372720047831535, 0.013216540217399597, -0.0024963985197246075, -0.020687902346253395, 0.032687537372112274, -0.010822806507349014, -0.04804375022649765]",Bercak Coklat,['PenyakitPadi']
"[0.036340225487947464, -0.033497411757707596, -0.012079979293048382, -0.03188999369740486, -0.04859909415245056, 0.029816895723342896, 0.04524708539247513, 0.036283768713474274, 0.044956024736166, -0.013253149576485157]",Tungro,['PenyakitPadi'],terkenaPatogen,"[0.03735840320587158, 0.04454953223466873, 0.03323126584291458, 0.013640177436172962, 0.01656637154519558, -0.010867233388125896, -0.02639104053378105, -0.00970651488751173, 0.01669205352663994, 0.046113502234220505]",Daun menguning,['Gejala']
"[0.03635426610708237, 0.03253500163555145, -0.028524814173579216, 0.013868521898984909, -0.02201044373214245, -0.007036796770989895, 0.031346313655376434, 0.04584687203168869, 0.029794512316584587, -0.01076569315046072]",Belatung Lalat Bibit,['HamaPadi'],memilikiGejala,"[0.03774360567331314, 0.015508627519011497, -0.01904764585196972, 0.04983600974082947, 0.024660691618919373, -0.004332014825195074, -0.014008224941790104, -0.0163090992718935, 0.024238750338554382, -0.03596823662519455]",Batang membusuk,['Gejala']
"[0.03635426610708237, 0.03253500163555145, -0.028524814173579216, 0.013868521898984909, -0.02201044373214245, -0.007036796770989895, 0.031346313655376434, 0.04584687203168869, 0.029794512316584587, -0.01076569315046072]",Belatung Lalat Bibit,['HamaPadi'],memilikiGejala,"[0.03837067633867264, 0.02869785577058792, -0.011129597201943398, -0.026124257594347, 0.033186327666044235, -0.014623516239225864, 0.03638240322470665, -0.001476092147640884, 0.048151977360248566, -0.006798976566642523]",Tanaman tumbuh terhambat,['Gejala']
"[0.03635426610708237, 0.03253500163555145, -0.028524814173579216, 0.013868521898984909, -0.02201044373214245, -0.007036796770989895, 0.031346313655376434, 0.04584687203168869, 0.029794512316584587, -0.01076569315046072]",Belatung Lalat Bibit,['HamaPadi'],memilikiGejala,"[0.036418963223695755, 0.014755475334823132, -0.02661789581179619, -0.03491418436169624, 0.019214428961277008, 0.020807957276701927, 0.025890538468956947, -0.02307460643351078, -0.01845479942858219, -0.007648099679499865]",Bibit mati,['Gejala']
"[0.03656195476651192, 0.02377898246049881, 0.006601404864341021, 0.03325789049267769, -0.010711935348808765, -0.023030659183859825, 0.041179947555065155, -0.04664446413516998, -0.0325985886156559, -0.00048729690024629235]",Bulir mengalami kerusakan,['Gejala'],memilikiGejala,"[0.03656195476651192, 0.02377898246049881, 0.006601404864341021, 0.03325789049267769, -0.010711935348808765, -0.023030659183859825, 0.041179947555065155, -0.04664446413516998, -0.0325985886156559, -0.00048729690024629235]",Bulir mengalami kerusakan,['Gejala']
"[0.03459916636347771, 0.010935035534203053, -0.011350157670676708, 0.02591027319431305, -0.025199703872203827, 0.013627367094159126, 0.03188665583729744, 0.031162504106760025, 0.0013447657693177462, -0.005089812446385622]",Kepik Ludah,['HamaPadi'],memilikiGejala,"[0.03445278853178024, -0.05054202675819397, -0.02711446024477482, -0.038783516734838486, 0.03612186014652252, -0.036361873149871826, 0.03707829862833023, 0.013724318705499172, -0.021379251033067703, -0.01320184301584959]",Daun mengalami kerusakan,['Gejala']
"[0.03459916636347771, 0.010935035534203053, -0.011350157670676708, 0.02591027319431305, -0.025199703872203827, 0.013627367094159126, 0.03188665583729744, 0.031162504106760025, 0.0013447657693177462, -0.005089812446385622]",Kepik Ludah,['HamaPadi'],memilikiGejala,"[0.03760027512907982, -0.013220337219536304, -0.006571773439645767, 0.0014840747462585568, 0.0169976893812418, -0.027693957090377808, 0.011616773903369904, 0.011729070916771889, 0.03305858373641968, -0.04263549670577049]",Daun rontok,['Gejala']
"[0.03459916636347771, 0.010935035534203053, -0.011350157670676708, 0.02591027319431305, -0.025199703872203827, 0.013627367094159126, 0.03188665583729744, 0.031162504106760025, 0.0013447657693177462, -0.005089812446385622]",Kepik Ludah,['HamaPadi'],menyebabkanPenyakit,"[0.03407501056790352, 0.028321780264377594, -0.04598800465464592, -0.012020619586110115, 0.017209671437740326, -0.04566539078950882, 0.05260267108678818, 0.03246627002954483, 0.0493694506585598, -0.02870144508779049]",Busuk Batang,['PenyakitPadi']
"[0.03839755058288574, -0.022165464237332344, 0.017781177535653114, 0.039191730320453644, 0.02212313935160637, -0.01649315096437931, -0.037172283977270126, 0.012016751803457737, 0.027748260647058487, -0.0055488646030426025]",Ganjur Padi Asia,['HamaPadi'],memilikiGejala,"[0.038415465503931046, 0.043925657868385315, 0.0037216905038803816, -0.01726427674293518, 0.04808101803064346, 0.04892709106206894, 0.04712459072470665, 0.02101198025047779, 0.014145780354738235, -0.00471545709297061]",Batang mengalami kerusakan,['Gejala']
"[0.03839755058288574, -0.022165464237332344, 0.017781177535653114, 0.039191730320453644, 0.02212313935160637, -0.01649315096437931, -0.037172283977270126, 0.012016751803457737, 0.027748260647058487, -0.0055488646030426025]",Ganjur Padi Asia,['HamaPadi'],memilikiGejala,"[0.036168184131383896, -0.045606572180986404, -0.0008620547596365213, -0.032915059477090836, 0.000941112928558141, -0.02590150572359562, -0.025158030912280083, 0.03231038525700569, -0.00047970720333978534, -0.02074291743338108]",Daun berlubang,['Gejala']
"[0.034550994634628296, 0.011215672828257084, 0.029494015499949455, -0.0016381322639063, -0.006416430231183767, 0.01771283894777298, -0.02291489951312542, 0.0026117635425180197, 0.04002451151609421, -0.007915060967206955]",Virus Belang Kuning,['PenyakitPadi'],memilikiGejala,"[0.03735840320587158, 0.04454953223466873, 0.03323126584291458, 0.013640177436172962, 0.01656637154519558, -0.010867233388125896, -0.02639104053378105, -0.00970651488751173, 0.01669205352663994, 0.046113502234220505]",Daun menguning,['Gejala']
"[0.034550994634628296, 0.011215672828257084, 0.029494015499949455, -0.0016381322639063, -0.006416430231183767, 0.01771283894777298, -0.02291489951312542, 0.0026117635425180197, 0.04002451151609421, -0.007915060967206955]",Virus Belang Kuning,['PenyakitPadi'],memilikiGejala,"[0.037833187729120255, 0.045964233577251434, 0.010654931887984276, -0.032444026321172714, -0.04554993286728859, 0.022769199684262276, 0.007476150989532471, 0.028667045757174492, -0.04377364367246628, -0.03180119767785072]",Daun terdapat garis,['Gejala']
"[0.034550994634628296, 0.011215672828257084, 0.029494015499949455, -0.0016381322639063, -0.006416430231183767, 0.01771283894777298, -0.02291489951312542, 0.0026117635425180197, 0.04002451151609421, -0.007915060967206955]",Virus Belang Kuning,['PenyakitPadi'],memilikiGejala,"[0.033894460648298264, -0.014245453290641308, -0.05131912603974342, 0.030178410932421684, -0.005532832350581884, -0.03150543197989464, -0.0349700003862381, 0.03855246305465698, -0.006740258540958166, -0.0383262038230896]",Daun terdapat bercak,['Gejala']
"[0.03236949071288109, 0.00893370434641838, 0.012334690429270267, -0.028267428278923035, 0.03621973842382431, -0.021607613191008568, -0.0014687827788293362, -0.007054212503135204, -0.04077782854437828, -0.023920360952615738]",Blas,['PenyakitPadi'],memilikiGejala,"[0.03787797689437866, -0.03880796581506729, 0.025506220757961273, -0.023584045469760895, -0.03065524436533451, -0.013680193573236465, 0.01821833662688732, -0.04884488135576248, 0.022220157086849213, -0.02971768192946911]",Tanaman terjadi pembentukan sporulasi,['Gejala']
"[0.03236949071288109, 0.00893370434641838, 0.012334690429270267, -0.028267428278923035, 0.03621973842382431, -0.021607613191008568, -0.0014687827788293362, -0.007054212503135204, -0.04077782854437828, -0.023920360952615738]",Blas,['PenyakitPadi'],memilikiGejala,"[0.03445278853178024, -0.05054202675819397, -0.02711446024477482, -0.038783516734838486, 0.03612186014652252, -0.036361873149871826, 0.03707829862833023, 0.013724318705499172, -0.021379251033067703, -0.01320184301584959]",Daun mengalami kerusakan,['Gejala']
"[0.03236949071288109, 0.00893370434641838, 0.012334690429270267, -0.028267428278923035, 0.03621973842382431, -0.021607613191008568, -0.0014687827788293362, -0.007054212503135204, -0.04077782854437828, -0.023920360952615738]",Blas,['PenyakitPadi'],memilikiGejala,"[0.038415465503931046, 0.043925657868385315, 0.0037216905038803816, -0.01726427674293518, 0.04808101803064346, 0.04892709106206894, 0.04712459072470665, 0.02101198025047779, 0.014145780354738235, -0.00471545709297061]",Batang mengalami kerusakan,['Gejala']
"[0.03236949071288109, 0.00893370434641838, 0.012334690429270267, -0.028267428278923035, 0.03621973842382431, -0.021607613191008568, -0.0014687827788293362, -0.007054212503135204, -0.04077782854437828, -0.023920360952615738]",Blas,['PenyakitPadi'],memilikiGejala,"[0.0381019301712513, 0.03733104467391968, -0.00023733274429105222, 0.020715856924653053, 0.04381819814443588, 0.004072840791195631, -0.0280707236379385, -0.03640452399849892, -0.047810833901166916, -0.01930008828639984]",Malai mengalami kerusakan,['Gejala']
"[0.03797651454806328, -0.02530680224299431, -0.0018209429690614343, 0.015907911583781242, -0.037886928766965866, 0.04613114148378372, -0.01814885064959526, 0.0006288758595474064, 0.04740652069449425, -0.02513393945991993]",Lepuh Daun,['PenyakitPadi'],memilikiGejala,"[0.03955314680933952, -0.009288176894187927, -0.039055559784173965, 0.04777923598885536, 0.0464061014354229, 0.0031125089153647423, -2.3838991182856262e-05, -0.007790993433445692, -0.0496116504073143, 0.048205919563770294]",Daun melepuh,['Gejala']
"[0.03797651454806328, -0.02530680224299431, -0.0018209429690614343, 0.015907911583781242, -0.037886928766965866, 0.04613114148378372, -0.01814885064959526, 0.0006288758595474064, 0.04740652069449425, -0.02513393945991993]",Lepuh Daun,['PenyakitPadi'],memilikiGejala,"[0.03817359358072281, 0.0016955265309661627, 0.04352473095059395, -0.005108173005282879, 0.047649700194597244, -0.034246187657117844, 0.009116776287555695, -0.0004236074164509773, -0.002220751019194722, -0.01596645824611187]",Daun mengering,['Gejala']
"[0.03797651454806328, -0.02530680224299431, -0.0018209429690614343, 0.015907911583781242, -0.037886928766965866, 0.04613114148378372, -0.01814885064959526, 0.0006288758595474064, 0.04740652069449425, -0.02513393945991993]",Lepuh Daun,['PenyakitPadi'],memilikiGejala,"[0.037949640303850174, 0.025556517764925957, -0.030731717124581337, -0.04940807446837425, -0.02682374231517315, 0.04800077900290489, -0.044594161212444305, -0.01286396849900484, -0.032189760357141495, -0.026384051889181137]",Daun terdapat luka,['Gejala']
"[0.03793172538280487, -0.0405346043407917, -0.016672231256961823, 0.00704793119803071, 0.047218382358551025, -0.017419466748833656, -0.02889103628695011, -0.021859196946024895, -0.018587281927466393, -0.027217458933591843]",Lalat Tunas,['HamaPadi'],memilikiGejala,"[0.03837067633867264, 0.02869785577058792, -0.011129597201943398, -0.026124257594347, 0.033186327666044235, -0.014623516239225864, 0.03638240322470665, -0.001476092147640884, 0.048151977360248566, -0.006798976566642523]",Tanaman tumbuh terhambat,['Gejala']
"[0.03793172538280487, -0.0405346043407917, -0.016672231256961823, 0.00704793119803071, 0.047218382358551025, -0.017419466748833656, -0.02889103628695011, -0.021859196946024895, -0.018587281927466393, -0.027217458933591843]",Lalat Tunas,['HamaPadi'],memilikiGejala,"[0.03735840320587158, 0.04454953223466873, 0.03323126584291458, 0.013640177436172962, 0.01656637154519558, -0.010867233388125896, -0.02639104053378105, -0.00970651488751173, 0.01669205352663994, 0.046113502234220505]",Daun menguning,['Gejala']
"[0.03793172538280487, -0.0405346043407917, -0.016672231256961823, 0.00704793119803071, 0.047218382358551025, -0.017419466748833656, -0.02889103628695011, -0.021859196946024895, -0.018587281927466393, -0.027217458933591843]",Lalat Tunas,['HamaPadi'],memilikiGejala,"[0.037689853459596634, 0.01723526604473591, 0.023130804300308228, 0.01920403353869915, 0.046787064522504807, -0.0005927419988438487, 0.033101148903369904, -0.04329478368163109, -0.03495381399989128, -0.038468461483716965]",Daun melengkung,['Gejala']
"[0.03793172538280487, -0.0405346043407917, -0.016672231256961823, 0.00704793119803071, 0.047218382358551025, -0.017419466748833656, -0.02889103628695011, -0.021859196946024895, -0.018587281927466393, -0.027217458933591843]",Lalat Tunas,['HamaPadi'],memilikiGejala,"[0.03637301176786423, 0.009537891484797001, 0.006502901203930378, 0.018720602616667747, -0.011116772890090942, -0.008980588987469673, 0.03728082776069641, -0.004444097634404898, -0.035171590745449066, 0.0002760907809715718]",Tanaman layu,['Gejala']
"[0.034428052604198456, -0.014060099609196186, 0.027561018243432045, -0.016284840181469917, 0.03251335024833679, 0.00024198646133299917, 0.00038985273567959666, -0.02287101559340954, 0.03132294863462448, -0.016929224133491516]",Ulat Tanduk Tembakau,['HamaPadi'],memilikiGejala,"[0.03445278853178024, -0.05054202675819397, -0.02711446024477482, -0.038783516734838486, 0.03612186014652252, -0.036361873149871826, 0.03707829862833023, 0.013724318705499172, -0.021379251033067703, -0.01320184301584959]",Daun mengalami kerusakan,['Gejala']
"[0.03775256127119064, -0.0014458115911111236, 0.02392261102795601, -0.028391992673277855, -0.01236037164926529, 0.028378106653690338, 0.02814021147787571, -0.011811483651399612, 0.017437512055039406, -0.0355515331029892]",Tungau Daun Padi,['HamaPadi'],memilikiGejala,"[0.037833187729120255, 0.045964233577251434, 0.010654931887984276, -0.032444026321172714, -0.04554993286728859, 0.022769199684262276, 0.007476150989532471, 0.028667045757174492, -0.04377364367246628, -0.03180119767785072]",Daun terdapat garis,['Gejala']
"[0.03775256127119064, -0.0014458115911111236, 0.02392261102795601, -0.028391992673277855, -0.01236037164926529, 0.028378106653690338, 0.02814021147787571, -0.011811483651399612, 0.017437512055039406, -0.0355515331029892]",Tungau Daun Padi,['HamaPadi'],memilikiGejala,"[0.03735840320587158, 0.04454953223466873, 0.03323126584291458, 0.013640177436172962, 0.01656637154519558, -0.010867233388125896, -0.02639104053378105, -0.00970651488751173, 0.01669205352663994, 0.046113502234220505]",Daun menguning,['Gejala']
"[0.03775256127119064, -0.0014458115911111236, 0.02392261102795601, -0.028391992673277855, -0.01236037164926529, 0.028378106653690338, 0.02814021147787571, -0.011811483651399612, 0.017437512055039406, -0.0355515331029892]",Tungau Daun Padi,['HamaPadi'],memilikiGejala,"[0.03817359358072281, 0.0016955265309661627, 0.04352473095059395, -0.005108173005282879, 0.047649700194597244, -0.034246187657117844, 0.009116776287555695, -0.0004236074164509773, -0.002220751019194722, -0.01596645824611187]",Daun mengering,['Gejala']
"[0.037761520594358444, -0.018400251865386963, -0.03310713171958923, -0.006619994528591633, -0.04938143491744995, -0.03891177102923393, -0.029711350798606873, -0.0073138694278895855, 0.01063627004623413, -0.035134829580783844]",Tungau Malai Padi,['HamaPadi'],memilikiGejala,"[0.03735840320587158, 0.04454953223466873, 0.03323126584291458, 0.013640177436172962, 0.01656637154519558, -0.010867233388125896, -0.02639104053378105, -0.00970651488751173, 0.01669205352663994, 0.046113502234220505]",Daun menguning,['Gejala']
"[0.037761520594358444, -0.018400251865386963, -0.03310713171958923, -0.006619994528591633, -0.04938143491744995, -0.03891177102923393, -0.029711350798606873, -0.0073138694278895855, 0.01063627004623413, -0.035134829580783844]",Tungau Malai Padi,['HamaPadi'],memilikiGejala,"[0.033894460648298264, -0.014245453290641308, -0.05131912603974342, 0.030178410932421684, -0.005532832350581884, -0.03150543197989464, -0.0349700003862381, 0.03855246305465698, -0.006740258540958166, -0.0383262038230896]",Daun terdapat bercak,['Gejala']
"[0.030092725530266762, -0.018393976613879204, 0.0066534532234072685, -0.03628230467438698, -0.027944207191467285, -0.033225152641534805, 0.017379090189933777, -0.03287211433053017, -0.04665324091911316, -0.036598075181245804]",Ulat Grayak,['HamaPadi'],memilikiGejala,"[0.036168184131383896, -0.045606572180986404, -0.0008620547596365213, -0.032915059477090836, 0.000941112928558141, -0.02590150572359562, -0.025158030912280083, 0.03231038525700569, -0.00047970720333978534, -0.02074291743338108]",Daun berlubang,['Gejala']
"[0.03768089786171913, 0.034189704805612564, -0.0198394525796175, -0.00256796064786613, -0.016191871836781502, -0.03330286219716072, -0.009047289378941059, -0.04779239743947983, -0.028152573853731155, -0.03888516128063202]",Hawar Malai Bakteri,['PenyakitPadi'],memilikiGejala,"[0.038021307438611984, -0.010079000145196915, 0.013030346482992172, 0.024767892435193062, -0.022992240265011787, 0.00968174822628498, -0.007406661752611399, 0.0231169480830431, 0.013400320895016193, -0.023050421848893166]",Malai terdapat bercak,['Gejala']
"[0.03768089786171913, 0.034189704805612564, -0.0198394525796175, -0.00256796064786613, -0.016191871836781502, -0.03330286219716072, -0.009047289378941059, -0.04779239743947983, -0.028152573853731155, -0.03888516128063202]",Hawar Malai Bakteri,['PenyakitPadi'],memilikiGejala,"[0.03612148016691208, 0.0048484764993190765, 0.026009220629930496, 0.03300115466117859, -0.007204847410321236, -0.026561008766293526, 0.0023949015885591507, 0.045683570206165314, -0.021011175587773323, -0.01916554942727089]",Bulir berubah warna,['Gejala']
"[0.03768089786171913, 0.034189704805612564, -0.0198394525796175, -0.00256796064786613, -0.016191871836781502, -0.03330286219716072, -0.009047289378941059, -0.04779239743947983, -0.028152573853731155, -0.03888516128063202]",Hawar Malai Bakteri,['PenyakitPadi'],memilikiGejala,"[0.0381019301712513, 0.03733104467391968, -0.00023733274429105222, 0.020715856924653053, 0.04381819814443588, 0.004072840791195631, -0.0280707236379385, -0.03640452399849892, -0.047810833901166916, -0.01930008828639984]",Malai mengalami kerusakan,['Gejala']
"[0.037698812782764435, 0.000280825886875391, -0.033898938447237015, 0.04097603261470795, 0.009766003116965294, 0.03211737796664238, -0.02475041337311268, -0.03879716992378235, -0.04175505414605141, -0.03805175796151161]",Virus Kerdil Rumput,['PenyakitPadi'],memilikiGejala,"[0.03916794806718826, 0.019752727821469307, 0.013223350048065186, 0.011583399958908558, 0.038311779499053955, -0.003422711743041873, -0.012406653724610806, -0.0011884116102010012, 0.042841654270887375, 0.03028765693306923]",Daun berkarat,['Gejala']
"[0.037698812782764435, 0.000280825886875391, -0.033898938447237015, 0.04097603261470795, 0.009766003116965294, 0.03211737796664238, -0.02475041337311268, -0.03879716992378235, -0.04175505414605141, -0.03805175796151161]",Virus Kerdil Rumput,['PenyakitPadi'],memilikiGejala,"[0.033894460648298264, -0.014245453290641308, -0.05131912603974342, 0.030178410932421684, -0.005532832350581884, -0.03150543197989464, -0.0349700003862381, 0.03855246305465698, -0.006740258540958166, -0.0383262038230896]",Daun terdapat bercak,['Gejala']
"[0.037698812782764435, 0.000280825886875391, -0.033898938447237015, 0.04097603261470795, 0.009766003116965294, 0.03211737796664238, -0.02475041337311268, -0.03879716992378235, -0.04175505414605141, -0.03805175796151161]",Virus Kerdil Rumput,['PenyakitPadi'],memilikiGejala,"[0.03735840320587158, 0.04454953223466873, 0.03323126584291458, 0.013640177436172962, 0.01656637154519558, -0.010867233388125896, -0.02639104053378105, -0.00970651488751173, 0.01669205352663994, 0.046113502234220505]",Daun menguning,['Gejala']
"[0.037895891815423965, 0.02728315442800522, 0.011446735821664333, 0.01995994709432125, -0.004697368945926428, -0.048259951174259186, 0.002515213331207633, -0.039849653840065, 0.008617676794528961, -0.028884273022413254]",Kutu Daun,['HamaPadi'],memilikiGejala,"[0.03735840320587158, 0.04454953223466873, 0.03323126584291458, 0.013640177436172962, 0.01656637154519558, -0.010867233388125896, -0.02639104053378105, -0.00970651488751173, 0.01669205352663994, 0.046113502234220505]",Daun menguning,['Gejala']
"[0.037895891815423965, 0.02728315442800522, 0.011446735821664333, 0.01995994709432125, -0.004697368945926428, -0.048259951174259186, 0.002515213331207633, -0.039849653840065, 0.008617676794528961, -0.028884273022413254]",Kutu Daun,['HamaPadi'],memilikiGejala,"[0.03837067633867264, 0.02869785577058792, -0.011129597201943398, -0.026124257594347, 0.033186327666044235, -0.014623516239225864, 0.03638240322470665, -0.001476092147640884, 0.048151977360248566, -0.006798976566642523]",Tanaman tumbuh terhambat,['Gejala']
"[0.037895891815423965, 0.02728315442800522, 0.011446735821664333, 0.01995994709432125, -0.004697368945926428, -0.048259951174259186, 0.002515213331207633, -0.039849653840065, 0.008617676794528961, -0.028884273022413254]",Kutu Daun,['HamaPadi'],memilikiGejala,"[0.03637301176786423, 0.009537891484797001, 0.006502901203930378, 0.018720602616667747, -0.011116772890090942, -0.008980588987469673, 0.03728082776069641, -0.004444097634404898, -0.035171590745449066, 0.0002760907809715718]",Tanaman layu,['Gejala']
"[0.03788693621754646, 0.04423759505152702, -0.03152352198958397, -0.001812049187719822, 0.0323236919939518, 0.019029928371310234, -0.03963322564959526, -0.04434726759791374, 0.015418916009366512, -0.029300978407263756]",Kutu Putih,['HamaPadi'],memilikiGejala,"[0.03837067633867264, 0.02869785577058792, -0.011129597201943398, -0.026124257594347, 0.033186327666044235, -0.014623516239225864, 0.03638240322470665, -0.001476092147640884, 0.048151977360248566, -0.006798976566642523]",Tanaman tumbuh terhambat,['Gejala']
"[0.03788693621754646, 0.04423759505152702, -0.03152352198958397, -0.001812049187719822, 0.0323236919939518, 0.019029928371310234, -0.03963322564959526, -0.04434726759791374, 0.015418916009366512, -0.029300978407263756]",Kutu Putih,['HamaPadi'],memilikiGejala,"[0.03735840320587158, 0.04454953223466873, 0.03323126584291458, 0.013640177436172962, 0.01656637154519558, -0.010867233388125896, -0.02639104053378105, -0.00970651488751173, 0.01669205352663994, 0.046113502234220505]",Daun menguning,['Gejala']
"[0.037904851138591766, 0.010328715667128563, -0.045583005994558334, 0.04173194244503975, -0.04171843081712723, -0.015549828298389912, 0.044663649052381516, -0.03535204008221626, 0.0018164379289373755, -0.0284675695002079]",Karat Garis Kuning,['PenyakitPadi'],memilikiGejala,"[0.033894460648298264, -0.014245453290641308, -0.05131912603974342, 0.030178410932421684, -0.005532832350581884, -0.03150543197989464, -0.0349700003862381, 0.03855246305465698, -0.006740258540958166, -0.0383262038230896]",Daun terdapat bercak,['Gejala']
"[0.037904851138591766, 0.010328715667128563, -0.045583005994558334, 0.04173194244503975, -0.04171843081712723, -0.015549828298389912, 0.044663649052381516, -0.03535204008221626, 0.0018164379289373755, -0.0284675695002079]",Karat Garis Kuning,['PenyakitPadi'],memilikiGejala,"[0.03916794806718826, 0.019752727821469307, 0.013223350048065186, 0.011583399958908558, 0.038311779499053955, -0.003422711743041873, -0.012406653724610806, -0.0011884116102010012, 0.042841654270887375, 0.03028765693306923]",Daun berkarat,['Gejala']
"[0.03785110265016556, 0.0120553532615304, -0.003404553048312664, 0.011099966242909431, -0.019592056050896645, -0.01181055884808302, -0.008226974867284298, 0.03766227513551712, 0.04262387380003929, -0.030967792496085167]",Hama Kupu-kupu Padi,['HamaPadi'],memilikiGejala,"[0.038146719336509705, -0.04744115471839905, 0.014613954350352287, 0.029575839638710022, -0.04128711298108101, -0.032376550137996674, -0.0173285361379385, -0.01391645148396492, 0.018182968720793724, -0.017216568812727928]",Malai hilang,['Gejala']
"[0.03785110265016556, 0.0120553532615304, -0.003404553048312664, 0.011099966242909431, -0.019592056050896645, -0.01181055884808302, -0.008226974867284298, 0.03766227513551712, 0.04262387380003929, -0.030967792496085167]",Hama Kupu-kupu Padi,['HamaPadi'],memilikiGejala,"[0.03758235648274422, 0.02068854123353958, 0.007487712427973747, -0.042059917002916336, -0.008960186503827572, 0.006885800510644913, 0.027319898828864098, 0.002733843866735697, 0.04666106402873993, -0.0434689037501812]",Batang rapuh,['Gejala']
"[0.03785110265016556, 0.0120553532615304, -0.003404553048312664, 0.011099966242909431, -0.019592056050896645, -0.01181055884808302, -0.008226974867284298, 0.03766227513551712, 0.04262387380003929, -0.030967792496085167]",Hama Kupu-kupu Padi,['HamaPadi'],memilikiGejala,"[0.03946356475353241, -0.039743781089782715, 0.03124186024069786, 0.030059274286031723, 0.01661672443151474, -0.02398870512843132, -0.021508214995265007, 0.04723286256194115, 0.01840074546635151, 0.04403888061642647]",Batang berlubang,['Gejala']
"[0.03785110265016556, 0.0120553532615304, -0.003404553048312664, 0.011099966242909431, -0.019592056050896645, -0.01181055884808302, -0.008226974867284298, 0.03766227513551712, 0.04262387380003929, -0.030967792496085167]",Hama Kupu-kupu Padi,['HamaPadi'],memilikiGejala,"[0.03754652664065361, -0.011493699625134468, 0.03560668230056763, -0.029147902503609657, 0.03912406042218208, -0.023954685777425766, -0.041273850947618484, -0.015256613492965698, -0.026133978739380836, -0.04513571783900261]",Tanaman terdapat pupa,['Gejala']
"[0.03785110265016556, 0.0120553532615304, -0.003404553048312664, 0.011099966242909431, -0.019592056050896645, -0.01181055884808302, -0.008226974867284298, 0.03766227513551712, 0.04262387380003929, -0.030967792496085167]",Hama Kupu-kupu Padi,['HamaPadi'],memilikiGejala,"[0.03735840320587158, 0.04454953223466873, 0.03323126584291458, 0.013640177436172962, 0.01656637154519558, -0.010867233388125896, -0.02639104053378105, -0.00970651488751173, 0.01669205352663994, 0.046113502234220505]",Daun menguning,['Gejala']
"[0.03407501056790352, 0.028321780264377594, -0.04598800465464592, -0.012020619586110115, 0.017209671437740326, -0.04566539078950882, 0.05260267108678818, 0.03246627002954483, 0.0493694506585598, -0.02870144508779049]",Busuk Batang,['PenyakitPadi'],memilikiGejala,"[0.037510693073272705, -0.04367594048380852, -0.03627435117959976, -0.01623588800430298, -0.012791688553988934, 0.045204829424619675, -0.009867602027952671, -0.033247072249650955, 0.0010709805646911263, -0.04680253565311432]",Batang berubah warna,['Gejala']
"[0.03407501056790352, 0.028321780264377594, -0.04598800465464592, -0.012020619586110115, 0.017209671437740326, -0.04566539078950882, 0.05260267108678818, 0.03246627002954483, 0.0493694506585598, -0.02870144508779049]",Busuk Batang,['PenyakitPadi'],memilikiGejala,"[0.03774360567331314, 0.015508627519011497, -0.01904764585196972, 0.04983600974082947, 0.024660691618919373, -0.004332014825195074, -0.014008224941790104, -0.0163090992718935, 0.024238750338554382, -0.03596823662519455]",Batang membusuk,['Gejala']
"[0.03407501056790352, 0.028321780264377594, -0.04598800465464592, -0.012020619586110115, 0.017209671437740326, -0.04566539078950882, 0.05260267108678818, 0.03246627002954483, 0.0493694506585598, -0.02870144508779049]",Busuk Batang,['PenyakitPadi'],memilikiGejala,"[0.038415465503931046, 0.043925657868385315, 0.0037216905038803816, -0.01726427674293518, 0.04808101803064346, 0.04892709106206894, 0.04712459072470665, 0.02101198025047779, 0.014145780354738235, -0.00471545709297061]",Batang mengalami kerusakan,['Gejala']
"[0.03407501056790352, 0.028321780264377594, -0.04598800465464592, -0.012020619586110115, 0.017209671437740326, -0.04566539078950882, 0.05260267108678818, 0.03246627002954483, 0.0493694506585598, -0.02870144508779049]",Busuk Batang,['PenyakitPadi'],memilikiGejala,"[0.03794068470597267, 0.04251095652580261, 0.026298025622963905, 0.02881992608308792, 0.010197320021688938, 0.015290656127035618, 0.013257401064038277, -0.017361581325531006, -0.025388522073626518, -0.02680075541138649]",Tanaman mengeluarkan cairan,['Gejala']
"[0.03778839483857155, 0.03073642961680889, -0.004196358844637871, -0.041304007172584534, 0.0395553782582283, -0.0407814085483551, -0.0032660372089594603, 0.00617897417396307, -0.009767448529601097, -0.033884719014167786]",Hawar Daun Bakteri,['PenyakitPadi'],memilikiGejala,"[0.03817359358072281, 0.0016955265309661627, 0.04352473095059395, -0.005108173005282879, 0.047649700194597244, -0.034246187657117844, 0.009116776287555695, -0.0004236074164509773, -0.002220751019194722, -0.01596645824611187]",Daun mengering,['Gejala']
"[0.03778839483857155, 0.03073642961680889, -0.004196358844637871, -0.041304007172584534, 0.0395553782582283, -0.0407814085483551, -0.0032660372089594603, 0.00617897417396307, -0.009767448529601097, -0.033884719014167786]",Hawar Daun Bakteri,['PenyakitPadi'],memilikiGejala,"[0.03445278853178024, -0.05054202675819397, -0.02711446024477482, -0.038783516734838486, 0.03612186014652252, -0.036361873149871826, 0.03707829862833023, 0.013724318705499172, -0.021379251033067703, -0.01320184301584959]",Daun mengalami kerusakan,['Gejala']
"[0.03778839483857155, 0.03073642961680889, -0.004196358844637871, -0.041304007172584534, 0.0395553782582283, -0.0407814085483551, -0.0032660372089594603, 0.00617897417396307, -0.009767448529601097, -0.033884719014167786]",Hawar Daun Bakteri,['PenyakitPadi'],memilikiGejala,"[0.0381019301712513, 0.03733104467391968, -0.00023733274429105222, 0.020715856924653053, 0.04381819814443588, 0.004072840791195631, -0.0280707236379385, -0.03640452399849892, -0.047810833901166916, -0.01930008828639984]",Malai mengalami kerusakan,['Gejala']
"[0.03778839483857155, 0.03073642961680889, -0.004196358844637871, -0.041304007172584534, 0.0395553782582283, -0.0407814085483551, -0.0032660372089594603, 0.00617897417396307, -0.009767448529601097, -0.033884719014167786]",Hawar Daun Bakteri,['PenyakitPadi'],memilikiGejala,"[0.033894460648298264, -0.014245453290641308, -0.05131912603974342, 0.030178410932421684, -0.005532832350581884, -0.03150543197989464, -0.0349700003862381, 0.03855246305465698, -0.006740258540958166, -0.0383262038230896]",Daun terdapat bercak,['Gejala']
"[0.03777943551540375, 0.047690872102975845, -0.0471666157245636, 0.03692399710416794, -0.023423558101058006, 0.026508470997214317, -0.045414477586746216, 0.0016813591355457902, -0.0029662083834409714, -0.03430142253637314]",Ulat Kantung Padi,['HamaPadi'],memilikiGejala,"[0.037833187729120255, 0.045964233577251434, 0.010654931887984276, -0.032444026321172714, -0.04554993286728859, 0.022769199684262276, 0.007476150989532471, 0.028667045757174492, -0.04377364367246628, -0.03180119767785072]",Daun terdapat garis,['Gejala']
"[0.0374569445848465, -0.041949301958084106, 0.005904100835323334, -0.046867866069078445, 0.00933468621224165, 0.048944100737571716, 0.037241771817207336, 0.03976724296808243, 0.04187841713428497, -0.049302756786346436]",Hispa Padi,['HamaPadi'],memilikiGejala,"[0.037833187729120255, 0.045964233577251434, 0.010654931887984276, -0.032444026321172714, -0.04554993286728859, 0.022769199684262276, 0.007476150989532471, 0.028667045757174492, -0.04377364367246628, -0.03180119767785072]",Daun terdapat garis,['Gejala']
"[0.0374569445848465, -0.041949301958084106, 0.005904100835323334, -0.046867866069078445, 0.00933468621224165, 0.048944100737571716, 0.037241771817207336, 0.03976724296808243, 0.04187841713428497, -0.049302756786346436]",Hispa Padi,['HamaPadi'],memilikiGejala,"[0.033894460648298264, -0.014245453290641308, -0.05131912603974342, 0.030178410932421684, -0.005532832350581884, -0.03150543197989464, -0.0349700003862381, 0.03855246305465698, -0.006740258540958166, -0.0383262038230896]",Daun terdapat bercak,['Gejala']
"[0.0374569445848465, -0.041949301958084106, 0.005904100835323334, -0.046867866069078445, 0.00933468621224165, 0.048944100737571716, 0.037241771817207336, 0.03976724296808243, 0.04187841713428497, -0.049302756786346436]",Hispa Padi,['HamaPadi'],memilikiGejala,"[0.03817359358072281, 0.0016955265309661627, 0.04352473095059395, -0.005108173005282879, 0.047649700194597244, -0.034246187657117844, 0.009116776287555695, -0.0004236074164509773, -0.002220751019194722, -0.01596645824611187]",Daun mengering,['Gejala']
"[0.035620369017124176, 0.006964750122278929, 0.034256547689437866, 0.0173295047134161, -0.0022286931052803993, 0.048811838030815125, -0.03660307079553604, -0.04549514502286911, 0.021493572741746902, -0.04712440073490143]",Wereng Hijau,['HamaPadi'],memilikiGejala,"[0.03735840320587158, 0.04454953223466873, 0.03323126584291458, 0.013640177436172962, 0.01656637154519558, -0.010867233388125896, -0.02639104053378105, -0.00970651488751173, 0.01669205352663994, 0.046113502234220505]",Daun menguning,['Gejala']
"[0.03739423677325249, -0.02326822653412819, 0.005112296435981989, 0.000728161889128387, -0.0315178781747818, 0.01997325010597706, 0.04220271110534668, 0.008283941075205803, -0.010512905195355415, 0.047780316323041916]",Penggerek Batang Ungu,['HamaPadi'],memilikiGejala,"[0.03637301176786423, 0.009537891484797001, 0.006502901203930378, 0.018720602616667747, -0.011116772890090942, -0.008980588987469673, 0.03728082776069641, -0.004444097634404898, -0.035171590745449066, 0.0002760907809715718]",Tanaman layu,['Gejala']
"[0.03739423677325249, -0.02326822653412819, 0.005112296435981989, 0.000728161889128387, -0.0315178781747818, 0.01997325010597706, 0.04220271110534668, 0.008283941075205803, -0.010512905195355415, 0.047780316323041916]",Penggerek Batang Ungu,['HamaPadi'],memilikiGejala,"[0.03754652664065361, -0.011493699625134468, 0.03560668230056763, -0.029147902503609657, 0.03912406042218208, -0.023954685777425766, -0.041273850947618484, -0.015256613492965698, -0.026133978739380836, -0.04513571783900261]",Tanaman terdapat pupa,['Gejala']
"[0.03739423677325249, -0.02326822653412819, 0.005112296435981989, 0.000728161889128387, -0.0315178781747818, 0.01997325010597706, 0.04220271110534668, 0.008283941075205803, -0.010512905195355415, 0.047780316323041916]",Penggerek Batang Ungu,['HamaPadi'],memilikiGejala,"[0.03946356475353241, -0.039743781089782715, 0.03124186024069786, 0.030059274286031723, 0.01661672443151474, -0.02398870512843132, -0.021508214995265007, 0.04723286256194115, 0.01840074546635151, 0.04403888061642647]",Batang berlubang,['Gejala']
"[0.037385281175374985, -0.006313787307590246, -0.037857960909605026, -0.02104383334517479, 0.005503183696419001, -0.012736871838569641, 5.427179712569341e-05, 0.0037863256875425577, -0.0037116657476872206, 0.04736361280083656]",Penggulung Daun Padi,['HamaPadi'],memilikiGejala,"[0.037833187729120255, 0.045964233577251434, 0.010654931887984276, -0.032444026321172714, -0.04554993286728859, 0.022769199684262276, 0.007476150989532471, 0.028667045757174492, -0.04377364367246628, -0.03180119767785072]",Daun terdapat garis,['Gejala']
"[0.037385281175374985, -0.006313787307590246, -0.037857960909605026, -0.02104383334517479, 0.005503183696419001, -0.012736871838569641, 5.427179712569341e-05, 0.0037863256875425577, -0.0037116657476872206, 0.04736361280083656]",Penggulung Daun Padi,['HamaPadi'],memilikiGejala,"[0.03754652664065361, -0.011493699625134468, 0.03560668230056763, -0.029147902503609657, 0.03912406042218208, -0.023954685777425766, -0.041273850947618484, -0.015256613492965698, -0.026133978739380836, -0.04513571783900261]",Tanaman terdapat pupa,['Gejala']
"[0.037385281175374985, -0.006313787307590246, -0.037857960909605026, -0.02104383334517479, 0.005503183696419001, -0.012736871838569641, 5.427179712569341e-05, 0.0037863256875425577, -0.0037116657476872206, 0.04736361280083656]",Penggulung Daun Padi,['HamaPadi'],memilikiGejala,"[0.037689853459596634, 0.01723526604473591, 0.023130804300308228, 0.01920403353869915, 0.046787064522504807, -0.0005927419988438487, 0.033101148903369904, -0.04329478368163109, -0.03495381399989128, -0.038468461483716965]",Daun melengkung,['Gejala']
"[0.03741215541958809, 0.04282289370894432, -0.008947188034653664, 0.044272154569625854, -0.005560002755373716, -0.014606506563723087, 0.026499584317207336, 0.01727917045354843, -0.024115383625030518, 0.04861372336745262]",Wereng Batang Coklat,['HamaPadi'],memilikiGejala,"[0.03637301176786423, 0.009537891484797001, 0.006502901203930378, 0.018720602616667747, -0.011116772890090942, -0.008980588987469673, 0.03728082776069641, -0.004444097634404898, -0.035171590745449066, 0.0002760907809715718]",Tanaman layu,['Gejala']
"[0.03741215541958809, 0.04282289370894432, -0.008947188034653664, 0.044272154569625854, -0.005560002755373716, -0.014606506563723087, 0.026499584317207336, 0.01727917045354843, -0.024115383625030518, 0.04861372336745262]",Wereng Batang Coklat,['HamaPadi'],memilikiGejala,"[0.03735840320587158, 0.04454953223466873, 0.03323126584291458, 0.013640177436172962, 0.01656637154519558, -0.010867233388125896, -0.02639104053378105, -0.00970651488751173, 0.01669205352663994, 0.046113502234220505]",Daun menguning,['Gejala']
"[0.03734944760799408, -0.03849602863192558, -0.009738992899656296, -0.008131816983222961, -0.04641256481409073, -0.04357735440135002, 0.03146052360534668, -0.014204130508005619, 0.023493293672800064, 0.04569679871201515]",Wereng Punggung Putih,['HamaPadi'],memilikiGejala,"[0.03735840320587158, 0.04454953223466873, 0.03323126584291458, 0.013640177436172962, 0.01656637154519558, -0.010867233388125896, -0.02639104053378105, -0.00970651488751173, 0.01669205352663994, 0.046113502234220505]",Daun menguning,['Gejala']
"[0.03734944760799408, -0.03849602863192558, -0.009738992899656296, -0.008131816983222961, -0.04641256481409073, -0.04357735440135002, 0.03146052360534668, -0.014204130508005619, 0.023493293672800064, 0.04569679871201515]",Wereng Punggung Putih,['HamaPadi'],memilikiGejala,"[0.03817359358072281, 0.0016955265309661627, 0.04352473095059395, -0.005108173005282879, 0.047649700194597244, -0.034246187657117844, 0.009116776287555695, -0.0004236074164509773, -0.002220751019194722, -0.01596645824611187]",Daun mengering,['Gejala']
"[0.03734944760799408, -0.03849602863192558, -0.009738992899656296, -0.008131816983222961, -0.04641256481409073, -0.04357735440135002, 0.03146052360534668, -0.014204130508005619, 0.023493293672800064, 0.04569679871201515]",Wereng Punggung Putih,['HamaPadi'],diberikanPengendalianHama,"[0.03793172538280487, -0.0405346043407917, -0.016672231256961823, 0.00704793119803071, 0.047218382358551025, -0.017419466748833656, -0.02889103628695011, -0.021859196946024895, -0.018587281927466393, -0.027217458933591843]",Lalat Tunas,['HamaPadi']
"[0.037564441561698914, -0.04540257900953293, 0.021547196432948112, 0.014396089129149914, -0.03491806238889694, 0.04146555811166763, 0.04302302375435829, -0.006261385045945644, -0.03973645716905594, -0.0443023145198822]",Bakanae,['PenyakitPadi'],memilikiGejala,"[0.03774360567331314, 0.015508627519011497, -0.01904764585196972, 0.04983600974082947, 0.024660691618919373, -0.004332014825195074, -0.014008224941790104, -0.0163090992718935, 0.024238750338554382, -0.03596823662519455]",Batang membusuk,['Gejala']
"[0.037564441561698914, -0.04540257900953293, 0.021547196432948112, 0.014396089129149914, -0.03491806238889694, 0.04146555811166763, 0.04302302375435829, -0.006261385045945644, -0.03973645716905594, -0.0443023145198822]",Bakanae,['PenyakitPadi'],memilikiGejala,"[0.039508357644081116, -0.02451597899198532, 0.04609315097332001, 0.038919251412153244, 0.03151141479611397, 0.03956190496683121, -0.010766026563942432, -0.030279064550995827, -0.015605451539158821, 0.04612239822745323]",Tanaman menghasilkan suara berbunyi,['Gejala']
"[0.037564441561698914, -0.04540257900953293, 0.021547196432948112, 0.014396089129149914, -0.03491806238889694, 0.04146555811166763, 0.04302302375435829, -0.006261385045945644, -0.03973645716905594, -0.0443023145198822]",Bakanae,['PenyakitPadi'],memilikiGejala,"[0.03935606777667999, -0.03629050403833389, 0.015598766505718231, -0.03120468184351921, -0.03913052752614021, -0.016510160639882088, -0.027289465069770813, -0.0067385099828243256, 1.562237048347015e-05, 0.039038434624671936]",Tanaman rebah,['Gejala']
"[0.037564441561698914, -0.04540257900953293, 0.021547196432948112, 0.014396089129149914, -0.03491806238889694, 0.04146555811166763, 0.04302302375435829, -0.006261385045945644, -0.03973645716905594, -0.0443023145198822]",Bakanae,['PenyakitPadi'],memilikiGejala,"[0.037645064294338226, 0.0020074648782610893, 0.00827951729297638, 0.010344055481255054, 0.03189237415790558, 0.03585664927959442, 0.022358961403369904, 0.034217145293951035, -0.0009476146660745144, -0.04055197909474373]",Bibit tumbuh tidak normal,['Gejala']
"[0.037564441561698914, -0.04540257900953293, 0.021547196432948112, 0.014396089129149914, -0.03491806238889694, 0.04146555811166763, 0.04302302375435829, -0.006261385045945644, -0.03973645716905594, -0.0443023145198822]",Bakanae,['PenyakitPadi'],memilikiGejala,"[0.037689853459596634, 0.01723526604473591, 0.023130804300308228, 0.01920403353869915, 0.046787064522504807, -0.0005927419988438487, 0.033101148903369904, -0.04329478368163109, -0.03495381399989128, -0.038468461483716965]",Daun melengkung,['Gejala']
"[0.037564441561698914, -0.04540257900953293, 0.021547196432948112, 0.014396089129149914, -0.03491806238889694, 0.04146555811166763, 0.04302302375435829, -0.006261385045945644, -0.03973645716905594, -0.0443023145198822]",Bakanae,['PenyakitPadi'],memilikiGejala,"[0.03735840320587158, 0.04454953223466873, 0.03323126584291458, 0.013640177436172962, 0.01656637154519558, -0.010867233388125896, -0.02639104053378105, -0.00970651488751173, 0.01669205352663994, 0.046113502234220505]",Daun menguning,['Gejala']
"[0.03759131580591202, 0.0037341024726629257, -0.049542032182216644, -0.020287923514842987, -0.04598124697804451, 0.03959592059254646, -0.030531663447618484, 0.0072314562276005745, 0.0398598238825798, -0.043052200227975845]",Penggerek Batang Padi,['HamaPadi'],memilikiGejala,"[0.036168184131383896, -0.045606572180986404, -0.0008620547596365213, -0.032915059477090836, 0.000941112928558141, -0.02590150572359562, -0.025158030912280083, 0.03231038525700569, -0.00047970720333978534, -0.02074291743338108]",Daun berlubang,['Gejala']
"[0.03759131580591202, 0.0037341024726629257, -0.049542032182216644, -0.020287923514842987, -0.04598124697804451, 0.03959592059254646, -0.030531663447618484, 0.0072314562276005745, 0.0398598238825798, -0.043052200227975845]",Penggerek Batang Padi,['HamaPadi'],memilikiGejala,"[0.038415465503931046, 0.043925657868385315, 0.0037216905038803816, -0.01726427674293518, 0.04808101803064346, 0.04892709106206894, 0.04712459072470665, 0.02101198025047779, 0.014145780354738235, -0.00471545709297061]",Batang mengalami kerusakan,['Gejala']
"[0.03759131580591202, 0.0037341024726629257, -0.049542032182216644, -0.020287923514842987, -0.04598124697804451, 0.03959592059254646, -0.030531663447618484, 0.0072314562276005745, 0.0398598238825798, -0.043052200227975845]",Penggerek Batang Padi,['HamaPadi'],menyebabkanPenyakit,"[0.037698812782764435, 0.000280825886875391, -0.033898938447237015, 0.04097603261470795, 0.009766003116965294, 0.03211737796664238, -0.02475041337311268, -0.03879716992378235, -0.04175505414605141, -0.03805175796151161]",Virus Kerdil Rumput,['PenyakitPadi']
"[0.03759131580591202, 0.0037341024726629257, -0.049542032182216644, -0.020287923514842987, -0.04598124697804451, 0.03959592059254646, -0.030531663447618484, 0.0072314562276005745, 0.0398598238825798, -0.043052200227975845]",Penggerek Batang Padi,['HamaPadi'],memilikiGejala,"[0.038146719336509705, -0.04744115471839905, 0.014613954350352287, 0.029575839638710022, -0.04128711298108101, -0.032376550137996674, -0.0173285361379385, -0.01391645148396492, 0.018182968720793724, -0.017216568812727928]",Malai hilang,['Gejala']
"[0.03759131580591202, 0.0037341024726629257, -0.049542032182216644, -0.020287923514842987, -0.04598124697804451, 0.03959592059254646, -0.030531663447618484, 0.0072314562276005745, 0.0398598238825798, -0.043052200227975845]",Penggerek Batang Padi,['HamaPadi'],memilikiGejala,"[0.036418963223695755, 0.014755475334823132, -0.02661789581179619, -0.03491418436169624, 0.019214428961277008, 0.020807957276701927, 0.025890538468956947, -0.02307460643351078, -0.01845479942858219, -0.007648099679499865]",Bibit mati,['Gejala']
"[0.03759131580591202, 0.0037341024726629257, -0.049542032182216644, -0.020287923514842987, -0.04598124697804451, 0.03959592059254646, -0.030531663447618484, 0.0072314562276005745, 0.0398598238825798, -0.043052200227975845]",Penggerek Batang Padi,['HamaPadi'],memilikiGejala,"[0.03637301176786423, 0.009537891484797001, 0.006502901203930378, 0.018720602616667747, -0.011116772890090942, -0.008980588987469673, 0.03728082776069641, -0.004444097634404898, -0.035171590745449066, 0.0002760907809715718]",Tanaman layu,['Gejala']
"[0.0375017374753952, -0.026721501722931862, 0.02075538970530033, -0.038007885217666626, 0.024229373782873154, 0.012494707480072975, 0.047983959317207336, -0.037744686007499695, 0.007872219197452068, -0.04721923917531967]",Phoma Sorghina,['PenyakitPadi'],memilikiGejala,"[0.0381019301712513, 0.03733104467391968, -0.00023733274429105222, 0.020715856924653053, 0.04381819814443588, 0.004072840791195631, -0.0280707236379385, -0.03640452399849892, -0.047810833901166916, -0.01930008828639984]",Malai mengalami kerusakan,['Gejala']
"[0.0375017374753952, -0.026721501722931862, 0.02075538970530033, -0.038007885217666626, 0.024229373782873154, 0.012494707480072975, 0.047983959317207336, -0.037744686007499695, 0.007872219197452068, -0.04721923917531967]",Phoma Sorghina,['PenyakitPadi'],memilikiGejala,"[0.038021307438611984, -0.010079000145196915, 0.013030346482992172, 0.024767892435193062, -0.022992240265011787, 0.00968174822628498, -0.007406661752611399, 0.0231169480830431, 0.013400320895016193, -0.023050421848893166]",Malai terdapat bercak,['Gejala']
"[0.0375017374753952, -0.026721501722931862, 0.02075538970530033, -0.038007885217666626, 0.024229373782873154, 0.012494707480072975, 0.047983959317207336, -0.037744686007499695, 0.007872219197452068, -0.04721923917531967]",Phoma Sorghina,['PenyakitPadi'],memilikiGejala,"[0.03791381046175957, -0.006625724025070667, -0.0026127472519874573, -0.03649606183171272, 0.02126050554215908, 0.017160292714834213, -0.013187910430133343, -0.030854424461722374, -0.004984802100807428, -0.028050865978002548]",Malai basah,['Gejala']
"[0.03948148339986801, 0.026347341015934944, 0.017182376235723495, -0.02639673464000225, 0.042574599385261536, 0.04143153876066208, -0.0372113399207592, -0.043771907687187195, 0.004798267036676407, 0.04487228766083717]",Kumbang Tangkai Padi,['HamaPadi'],memilikiGejala,"[0.038415465503931046, 0.043925657868385315, 0.0037216905038803816, -0.01726427674293518, 0.04808101803064346, 0.04892709106206894, 0.04712459072470665, 0.02101198025047779, 0.014145780354738235, -0.00471545709297061]",Batang mengalami kerusakan,['Gejala']
"[0.03948148339986801, 0.026347341015934944, 0.017182376235723495, -0.02639673464000225, 0.042574599385261536, 0.04143153876066208, -0.0372113399207592, -0.043771907687187195, 0.004798267036676407, 0.04487228766083717]",Kumbang Tangkai Padi,['HamaPadi'],memilikiGejala,"[0.03656195476651192, 0.02377898246049881, 0.006601404864341021, 0.03325789049267769, -0.010711935348808765, -0.023030659183859825, 0.041179947555065155, -0.04664446413516998, -0.0325985886156559, -0.00048729690024629235]",Bulir mengalami kerusakan,['Gejala']
"[0.03948148339986801, 0.026347341015934944, 0.017182376235723495, -0.02639673464000225, 0.042574599385261536, 0.04143153876066208, -0.0372113399207592, -0.043771907687187195, 0.004798267036676407, 0.04487228766083717]",Kumbang Tangkai Padi,['HamaPadi'],menyebabkanPenyakit,"[0.034550994634628296, 0.011215672828257084, 0.029494015499949455, -0.0016381322639063, -0.006416430231183767, 0.01771283894777298, -0.02291489951312542, 0.0026117635425180197, 0.04002451151609421, -0.007915060967206955]",Virus Belang Kuning,['PenyakitPadi']
"[0.039436690509319305, 0.011119539849460125, 0.002331085968762636, -0.03525671735405922, 0.027679910883307457, -0.0221190694719553, -0.0479535274207592, 0.03374001756310463, 0.03880446404218674, 0.04278877004981041]",Meloidogyne spp.,['HamaPadi'],terkenaPenyakit,"[0.03954419121146202, 0.00766626326367259, 0.017974181100726128, 0.026007236912846565, -0.01657283678650856, -0.029597612097859383, -0.042172279208898544, -0.012288608588278294, -0.042810410261154175, 0.04778921231627464]",Busuk Akar,['PenyakitPadi']
"[0.039633773267269135, 0.038121867924928665, 0.04767676070332527, 0.04372720047831535, 0.013216540217399597, -0.0024963985197246075, -0.020687902346253395, 0.032687537372112274, -0.010822806507349014, -0.04804375022649765]",Bercak Coklat,['PenyakitPadi'],memilikiGejala,"[0.03817359358072281, 0.0016955265309661627, 0.04352473095059395, -0.005108173005282879, 0.047649700194597244, -0.034246187657117844, 0.009116776287555695, -0.0004236074164509773, -0.002220751019194722, -0.01596645824611187]",Daun mengering,['Gejala']
"[0.039633773267269135, 0.038121867924928665, 0.04767676070332527, 0.04372720047831535, 0.013216540217399597, -0.0024963985197246075, -0.020687902346253395, 0.032687537372112274, -0.010822806507349014, -0.04804375022649765]",Bercak Coklat,['PenyakitPadi'],memilikiGejala,"[0.038415465503931046, 0.043925657868385315, 0.0037216905038803816, -0.01726427674293518, 0.04808101803064346, 0.04892709106206894, 0.04712459072470665, 0.02101198025047779, 0.014145780354738235, -0.00471545709297061]",Batang mengalami kerusakan,['Gejala']
"[0.039633773267269135, 0.038121867924928665, 0.04767676070332527, 0.04372720047831535, 0.013216540217399597, -0.0024963985197246075, -0.020687902346253395, 0.032687537372112274, -0.010822806507349014, -0.04804375022649765]",Bercak Coklat,['PenyakitPadi'],memilikiGejala,"[0.038021307438611984, -0.010079000145196915, 0.013030346482992172, 0.024767892435193062, -0.022992240265011787, 0.00968174822628498, -0.007406661752611399, 0.0231169480830431, 0.013400320895016193, -0.023050421848893166]",Malai terdapat bercak,['Gejala']
"[0.039633773267269135, 0.038121867924928665, 0.04767676070332527, 0.04372720047831535, 0.013216540217399597, -0.0024963985197246075, -0.020687902346253395, 0.032687537372112274, -0.010822806507349014, -0.04804375022649765]",Bercak Coklat,['PenyakitPadi'],memilikiGejala,"[0.033894460648298264, -0.014245453290641308, -0.05131912603974342, 0.030178410932421684, -0.005532832350581884, -0.03150543197989464, -0.0349700003862381, 0.03855246305465698, -0.006740258540958166, -0.0383262038230896]",Daun terdapat bercak,['Gejala']
"[0.039633773267269135, 0.038121867924928665, 0.04767676070332527, 0.04372720047831535, 0.013216540217399597, -0.0024963985197246075, -0.020687902346253395, 0.032687537372112274, -0.010822806507349014, -0.04804375022649765]",Bercak Coklat,['PenyakitPadi'],memilikiGejala,"[0.03760027512907982, -0.013220337219536304, -0.006571773439645767, 0.0014840747462585568, 0.0169976893812418, -0.027693957090377808, 0.011616773903369904, 0.011729070916771889, 0.03305858373641968, -0.04263549670577049]",Daun rontok,['Gejala']
"[0.03959793969988823, 0.005939625669270754, -0.024204270914196968, -0.04336078464984894, -0.038699209690093994, -0.033336885273456573, 0.010718347504734993, 0.014697077684104443, 0.01638215221464634, -0.04971056431531906]",Busuk Pelepah,['PenyakitPadi'],memilikiGejala,"[0.038406506180763245, -0.039119902998209, -0.03924856334924698, -0.03903627395629883, -0.014897921122610569, 0.01621696911752224, 0.004976154770702124, 0.016514364629983902, 0.020947018638253212, -0.005132160149514675]",Pelepah membusuk,['Gejala']
"[0.03959793969988823, 0.005939625669270754, -0.024204270914196968, -0.04336078464984894, -0.038699209690093994, -0.033336885273456573, 0.010718347504734993, 0.014697077684104443, 0.01638215221464634, -0.04971056431531906]",Busuk Pelepah,['PenyakitPadi'],memilikiGejala,"[0.039624810218811035, -0.04492369294166565, 0.004706500563770533, 0.021955203264951706, -0.04976239800453186, -0.035206519067287445, 0.03716365993022919, 0.028189921751618385, -0.0040215663611888885, -0.048460450023412704]",Pelepah berubah warna,['Gejala']
"[0.03959793969988823, 0.005939625669270754, -0.024204270914196968, -0.04336078464984894, -0.038699209690093994, -0.033336885273456573, 0.010718347504734993, 0.014697077684104443, 0.01638215221464634, -0.04971056431531906]",Busuk Pelepah,['PenyakitPadi'],memilikiGejala,"[0.03823630139231682, -0.01698555052280426, 0.04431653395295143, 0.04729580134153366, -0.011497735977172852, -0.005275336559861898, 0.0041558402590453625, 0.031059693545103073, -0.049829427152872086, -0.013049531728029251]",Pelepah mengalami kerusakan,['Gejala']
"[0.03959793969988823, 0.005939625669270754, -0.024204270914196968, -0.04336078464984894, -0.038699209690093994, -0.033336885273456573, 0.010718347504734993, 0.014697077684104443, 0.01638215221464634, -0.04971056431531906]",Busuk Pelepah,['PenyakitPadi'],memilikiGejala,"[0.0394098162651062, -0.038017142564058304, -0.026579685509204865, -0.0005727048846893013, 0.038743097335100174, -0.02024943195283413, 0.025601159781217575, 0.02024717628955841, -0.040791817009449005, 0.04153865948319435]",Pelepah rapuh,['Gejala']
"[0.03954419121146202, 0.00766626326367259, 0.017974181100726128, 0.026007236912846565, -0.01657283678650856, -0.029597612097859383, -0.042172279208898544, -0.012288608588278294, -0.042810410261154175, 0.04778921231627464]",Busuk Akar,['PenyakitPadi'],memilikiGejala,"[0.03771673142910004, -0.03362805023789406, -0.04795841872692108, -0.015479976311326027, 0.03572387620806694, -0.0024623782373964787, -0.04045353829860687, -0.02980194240808487, 0.04464246705174446, -0.03721834719181061]",Tanaman menurun produktivitas,['Gejala']
"[0.03954419121146202, 0.00766626326367259, 0.017974181100726128, 0.026007236912846565, -0.01657283678650856, -0.029597612097859383, -0.042172279208898544, -0.012288608588278294, -0.042810410261154175, 0.04778921231627464]",Busuk Akar,['PenyakitPadi'],memilikiGejala,"[0.03637301176786423, 0.009537891484797001, 0.006502901203930378, 0.018720602616667747, -0.011116772890090942, -0.008980588987469673, 0.03728082776069641, -0.004444097634404898, -0.035171590745449066, 0.0002760907809715718]",Tanaman layu,['Gejala']
"[0.03954419121146202, 0.00766626326367259, 0.017974181100726128, 0.026007236912846565, -0.01657283678650856, -0.029597612097859383, -0.042172279208898544, -0.012288608588278294, -0.042810410261154175, 0.04778921231627464]",Busuk Akar,['PenyakitPadi'],memilikiGejala,"[0.0393919013440609, -0.004108262713998556, -0.0125202015042305, -0.04411669820547104, 0.012785223312675953, 0.014330323785543442, 0.04130428656935692, 0.011251947842538357, -0.027189336717128754, 0.040705252438783646]",Akar membusuk,['Gejala']
"[0.03954419121146202, 0.00766626326367259, 0.017974181100726128, 0.026007236912846565, -0.01657283678650856, -0.029597612097859383, -0.042172279208898544, -0.012288608588278294, -0.042810410261154175, 0.04778921231627464]",Busuk Akar,['PenyakitPadi'],memilikiGejala,"[0.03837067633867264, 0.02869785577058792, -0.011129597201943398, -0.026124257594347, 0.033186327666044235, -0.014623516239225864, 0.03638240322470665, -0.001476092147640884, 0.048151977360248566, -0.006798976566642523]",Tanaman tumbuh terhambat,['Gejala']
"[0.03954419121146202, 0.00766626326367259, 0.017974181100726128, 0.026007236912846565, -0.01657283678650856, -0.029597612097859383, -0.042172279208898544, -0.012288608588278294, -0.042810410261154175, 0.04778921231627464]",Busuk Akar,['PenyakitPadi'],memilikiGejala,"[0.03829900920391083, -0.035666629672050476, 0.04510834068059921, -0.00030022647115401924, 0.029354825615882874, 0.023695513606071472, -0.0008050971664488316, -0.03745700418949127, 0.002561895176768303, -0.010132605209946632]",Akar menghilang,['Gejala']
"[0.03952627256512642, 0.04157514497637749, 0.032033663243055344, -0.01753675378859043, -0.042530711740255356, 0.0049821436405181885, -0.0264691524207592, -0.021283835172653198, -0.029207931831479073, 0.046955808997154236]",Belalang Sawah,['HamaPadi'],menyebabkanPenyakit,"[0.03778839483857155, 0.03073642961680889, -0.004196358844637871, -0.041304007172584534, 0.0395553782582283, -0.0407814085483551, -0.0032660372089594603, 0.00617897417396307, -0.009767448529601097, -0.033884719014167786]",Hawar Daun Bakteri,['PenyakitPadi']
"[0.03952627256512642, 0.04157514497637749, 0.032033663243055344, -0.01753675378859043, -0.042530711740255356, 0.0049821436405181885, -0.0264691524207592, -0.021283835172653198, -0.029207931831479073, 0.046955808997154236]",Belalang Sawah,['HamaPadi'],menyebabkanPenyakit,"[0.034550994634628296, 0.011215672828257084, 0.029494015499949455, -0.0016381322639063, -0.006416430231183767, 0.01771283894777298, -0.02291489951312542, 0.0026117635425180197, 0.04002451151609421, -0.007915060967206955]",Virus Belang Kuning,['PenyakitPadi']
"[0.03952627256512642, 0.04157514497637749, 0.032033663243055344, -0.01753675378859043, -0.042530711740255356, 0.0049821436405181885, -0.0264691524207592, -0.021283835172653198, -0.029207931831479073, 0.046955808997154236]",Belalang Sawah,['HamaPadi'],memilikiGejala,"[0.03817359358072281, 0.0016955265309661627, 0.04352473095059395, -0.005108173005282879, 0.047649700194597244, -0.034246187657117844, 0.009116776287555695, -0.0004236074164509773, -0.002220751019194722, -0.01596645824611187]",Daun mengering,['Gejala']
"[0.03952627256512642, 0.04157514497637749, 0.032033663243055344, -0.01753675378859043, -0.042530711740255356, 0.0049821436405181885, -0.0264691524207592, -0.021283835172653198, -0.029207931831479073, 0.046955808997154236]",Belalang Sawah,['HamaPadi'],memilikiGejala,"[0.03735840320587158, 0.04454953223466873, 0.03323126584291458, 0.013640177436172962, 0.01656637154519558, -0.010867233388125896, -0.02639104053378105, -0.00970651488751173, 0.01669205352663994, 0.046113502234220505]",Daun menguning,['Gejala']
"[0.03952627256512642, 0.04157514497637749, 0.032033663243055344, -0.01753675378859043, -0.042530711740255356, 0.0049821436405181885, -0.0264691524207592, -0.021283835172653198, -0.029207931831479073, 0.046955808997154236]",Belalang Sawah,['HamaPadi'],menyebabkanPenyakit,"[0.036340225487947464, -0.033497411757707596, -0.012079979293048382, -0.03188999369740486, -0.04859909415245056, 0.029816895723342896, 0.04524708539247513, 0.036283768713474274, 0.044956024736166, -0.013253149576485157]",Tungro,['PenyakitPadi']
"[0.039185862988233566, -0.014156152494251728, -0.0008361329091712832, -0.04487260803580284, -0.03573034331202507, -0.03800246864557266, -0.028109779581427574, 0.007806817069649696, 0.029239173978567123, 0.031121065840125084]",Bakteri Garis Daun,['PenyakitPadi'],memilikiGejala,"[0.038415465503931046, 0.043925657868385315, 0.0037216905038803816, -0.01726427674293518, 0.04808101803064346, 0.04892709106206894, 0.04712459072470665, 0.02101198025047779, 0.014145780354738235, -0.00471545709297061]",Batang mengalami kerusakan,['Gejala']
"[0.039185862988233566, -0.014156152494251728, -0.0008361329091712832, -0.04487260803580284, -0.03573034331202507, -0.03800246864557266, -0.028109779581427574, 0.007806817069649696, 0.029239173978567123, 0.031121065840125084]",Bakteri Garis Daun,['PenyakitPadi'],memilikiGejala,"[0.033894460648298264, -0.014245453290641308, -0.05131912603974342, 0.030178410932421684, -0.005532832350581884, -0.03150543197989464, -0.0349700003862381, 0.03855246305465698, -0.006740258540958166, -0.0383262038230896]",Daun terdapat bercak,['Gejala']
"[0.039185862988233566, -0.014156152494251728, -0.0008361329091712832, -0.04487260803580284, -0.03573034331202507, -0.03800246864557266, -0.028109779581427574, 0.007806817069649696, 0.029239173978567123, 0.031121065840125084]",Bakteri Garis Daun,['PenyakitPadi'],memilikiGejala,"[0.037833187729120255, 0.045964233577251434, 0.010654931887984276, -0.032444026321172714, -0.04554993286728859, 0.022769199684262276, 0.007476150989532471, 0.028667045757174492, -0.04377364367246628, -0.03180119767785072]",Daun terdapat garis,['Gejala']
"[0.039185862988233566, -0.014156152494251728, -0.0008361329091712832, -0.04487260803580284, -0.03573034331202507, -0.03800246864557266, -0.028109779581427574, 0.007806817069649696, 0.029239173978567123, 0.031121065840125084]",Bakteri Garis Daun,['PenyakitPadi'],memilikiGejala,"[0.03735840320587158, 0.04454953223466873, 0.03323126584291458, 0.013640177436172962, 0.01656637154519558, -0.010867233388125896, -0.02639104053378105, -0.00970651488751173, 0.01669205352663994, 0.046113502234220505]",Daun menguning,['Gejala']
"[0.039185862988233566, -0.014156152494251728, -0.0008361329091712832, -0.04487260803580284, -0.03573034331202507, -0.03800246864557266, -0.028109779581427574, 0.007806817069649696, 0.029239173978567123, 0.031121065840125084]",Bakteri Garis Daun,['PenyakitPadi'],memilikiGejala,"[0.0381019301712513, 0.03733104467391968, -0.00023733274429105222, 0.020715856924653053, 0.04381819814443588, 0.004072840791195631, -0.0280707236379385, -0.03640452399849892, -0.047810833901166916, -0.01930008828639984]",Malai mengalami kerusakan,['Gejala']
"[0.039185862988233566, -0.014156152494251728, -0.0008361329091712832, -0.04487260803580284, -0.03573034331202507, -0.03800246864557266, -0.028109779581427574, 0.007806817069649696, 0.029239173978567123, 0.031121065840125084]",Bakteri Garis Daun,['PenyakitPadi'],memilikiGejala,"[0.03817359358072281, 0.0016955265309661627, 0.04352473095059395, -0.005108173005282879, 0.047649700194597244, -0.034246187657117844, 0.009116776287555695, -0.0004236074164509773, -0.002220751019194722, -0.01596645824611187]",Daun mengering,['Gejala']
"[0.03919482231140137, -0.031110592186450958, 0.0421341247856617, -0.023100612685084343, 0.027248594909906387, -0.005292346701025963, 0.014038659632205963, 0.012304432690143585, 0.022437933832406998, 0.03153776749968529]",Penggerek Batang Kuning,['HamaPadi'],memilikiGejala,"[0.03946356475353241, -0.039743781089782715, 0.03124186024069786, 0.030059274286031723, 0.01661672443151474, -0.02398870512843132, -0.021508214995265007, 0.04723286256194115, 0.01840074546635151, 0.04403888061642647]",Batang berlubang,['Gejala']
"[0.03919482231140137, -0.031110592186450958, 0.0421341247856617, -0.023100612685084343, 0.027248594909906387, -0.005292346701025963, 0.014038659632205963, 0.012304432690143585, 0.022437933832406998, 0.03153776749968529]",Penggerek Batang Kuning,['HamaPadi'],memilikiGejala,"[0.038415465503931046, 0.043925657868385315, 0.0037216905038803816, -0.01726427674293518, 0.04808101803064346, 0.04892709106206894, 0.04712459072470665, 0.02101198025047779, 0.014145780354738235, -0.00471545709297061]",Batang mengalami kerusakan,['Gejala']
"[0.03919482231140137, -0.031110592186450958, 0.0421341247856617, -0.023100612685084343, 0.027248594909906387, -0.005292346701025963, 0.014038659632205963, 0.012304432690143585, 0.022437933832406998, 0.03153776749968529]",Penggerek Batang Kuning,['HamaPadi'],memilikiGejala,"[0.038021307438611984, -0.010079000145196915, 0.013030346482992172, 0.024767892435193062, -0.022992240265011787, 0.00968174822628498, -0.007406661752611399, 0.0231169480830431, 0.013400320895016193, -0.023050421848893166]",Malai terdapat bercak,['Gejala']
"[0.03919482231140137, -0.031110592186450958, 0.0421341247856617, -0.023100612685084343, 0.027248594909906387, -0.005292346701025963, 0.014038659632205963, 0.012304432690143585, 0.022437933832406998, 0.03153776749968529]",Penggerek Batang Kuning,['HamaPadi'],memilikiGejala,"[0.033894460648298264, -0.014245453290641308, -0.05131912603974342, 0.030178410932421684, -0.005532832350581884, -0.03150543197989464, -0.0349700003862381, 0.03855246305465698, -0.006740258540958166, -0.0383262038230896]",Daun terdapat bercak,['Gejala']
"[0.03914107382297516, -0.029383953660726547, -0.015687422826886177, 0.04626741260290146, 0.04937496781349182, -0.0015530753880739212, -0.03885196894407272, -0.0146812554448843, -0.03675462678074837, 0.02903754636645317]",Rayap,['HamaPadi'],memilikiGejala,"[0.03758235648274422, 0.02068854123353958, 0.007487712427973747, -0.042059917002916336, -0.008960186503827572, 0.006885800510644913, 0.027319898828864098, 0.002733843866735697, 0.04666106402873993, -0.0434689037501812]",Batang rapuh,['Gejala']
"[0.03914107382297516, -0.029383953660726547, -0.015687422826886177, 0.04626741260290146, 0.04937496781349182, -0.0015530753880739212, -0.03885196894407272, -0.0146812554448843, -0.03675462678074837, 0.02903754636645317]",Rayap,['HamaPadi'],memilikiGejala,"[0.03786005824804306, -0.004899086430668831, 0.03956570476293564, 0.03287196159362793, 0.043386880308389664, 0.020899564027786255, 0.033921461552381516, 0.04215988889336586, 0.035822633653879166, -0.030551088973879814]",Akar berlubang,['Gejala']
"[0.03915898874402046, 0.03670716658234596, -0.029746906831860542, -0.01018859725445509, -0.024667156860232353, -0.03613283112645149, 0.04544490948319435, -0.005686026532202959, 0.0496428944170475, 0.029870953410863876]",Hawar Pelepah,['PenyakitPadi'],memilikiGejala,"[0.03823630139231682, -0.01698555052280426, 0.04431653395295143, 0.04729580134153366, -0.011497735977172852, -0.005275336559861898, 0.0041558402590453625, 0.031059693545103073, -0.049829427152872086, -0.013049531728029251]",Pelepah mengalami kerusakan,['Gejala']
